Submission ,candidate_id,Location,skills,,,,,,,,,Evaluation status
p10,c108,chennai,"golang,Postgres,HTML,Machine learning,css,Javascript,Java,c c++,Python,Linux,App development,blockchain,Google Cloud Platform",,,,,,,,,Selected
p100,c650,chennai,"Python,DATA STRUCTURES,C,angular,SpringBoot,Java",,,,,,,,,Selected
p107,C495,delhi,"Python,Java,C++,Machine learning,Deep Learning,Data science,Natural Language Processing,Data Structure",,,,,,,,,Selected
p115,C612,mumbai,Python,,,,,,,,,Selected
p121,c48,Delhi,"C,Python,Machine learning,Deep Learning,ELK stack",,,,,,,,,Rejected
p127,c48,noida,"C,Python,Machine learning,Deep Learning,ELK stack",,,,,,,,,Rejected
p128,c106,Delhi,"Deep Learning,Machine learning,C++,Python,Algorithms,DATA STRUCTURES",,,,,,,,,Rejected
p138,c535,Hyderabad,"C++,Java,Artificial Intelligence Deep learning,Python,Front end web development,android application development",,,,,,,,,Selected
p141,c429,Hyderabad,"C,C++,Python,Java,HTML,Javascript,css,Machine learning,react,NodeJS",,,,,,,,,Selected
p155,c420,Hyderabad,"C,Python,Java,C++",,,,,,,,,Rejected
p158,c337,Hyderabad,"golang,Postgres,HTML,Machine learning,css,Javascript,Java,c c++,Python,Linux,App development,blockchain,Google Cloud Platform",,,,,,,,,Selected
p159,c742,Hyderabad,"Python,DATA STRUCTURES,C,angular,SpringBoot,Java",,,,,,,,,Selected
p161,c795,Hyderabad,"Python,Java,C++,Machine learning,Deep Learning,Data science,Natural Language Processing,Data Structure",,,,,,,,,Selected
p163,c801,Hyderabad,Python,,,,,,,,,Selected
p174,c547,chennai,"C,Python,Machine learning,Deep Learning,ELK stack",,,,,,,,,Rejected
p181,c554,chennai,"C,Python,Machine learning,Deep Learning,ELK stack",,,,,,,,,Rejected
p182,c558,chennai,"Deep Learning,Machine learning,C++,Python,Algorithms,DATA STRUCTURES",,,,,,,,,Selected
p186,c567,chennai,"C++,Java,Artificial Intelligence Deep learning,Python,Front end web development,android application development",,,,,,,,,Selected
p191,c132,Gandhinagar,"Android development,Web Development,Java,Python,NodeJS,mongoDB,Unity game development ,Firebase,TomCat Servlets ,blender,sql,Javascript,C,PHP,Tensorflow Keras,angular,ionic,socketio,react",,,,,,,,,Selected
p193,c345,chennai,"Cloud Computing,DATA STRUCTURES,DBMS,Java,C++,C,sql, Adobe AfterEffects , Adobe Premier pro ,AutoDesk Maya,Adobe Illustrator,Adobe Photoshop,Autodesk 3ds Max",,,,,,,,,Selected
p200,c440,Kolkatta,"Python,DATA STRUCTURES,C,angular,SpringBoot,Java",,,,,,,,,Selected
p201,c469,Pune,"C,Python,C++,GITHUB,Android App Development,Java,docker,Go Lang",,,,,,,,,Selected
p205,c488,Pune,"Java,python3,HTML5,C,Adobe Photoshop,Adobe Illustrator,sql,Machine learning,Deep Learning",,,,,,,,,Rejected
p208,c494,chennai,"golang,Postgres,HTML,Machine learning,css,Javascript,Java,c c++,Python,Linux,App development,blockchain,Google Cloud Platform",,,,,,,,,Selected
p211,c500,chennai,"Python,DATA STRUCTURES,C,angular,SpringBoot,Java",,,,,,,,,Rejected
p217,c507,Pune,"Angular JS/ Node JS,CSS3,Converting wireframes/ Visual designs into UI","Angular JS/ Node JS,CSS3,Converting wireframes/ Visual designs into UI","Angular JS/ Node JS,CSS3,Converting wireframes/ Visual designs into UI","Angular JS/ Node JS,CSS3,Converting wireframes/ Visual designs into UI","Angular JS/ Node JS,CSS3,Converting wireframes/ Visual designs into UI","Angular JS/ Node JS,CSS3,Converting wireframes/ Visual designs into UI","Angular JS/ Node JS,CSS3,Converting wireframes/ Visual designs into UI","Angular JS/ Node JS,CSS3,Converting wireframes/ Visual designs into UI","Angular JS/ Node JS,CSS3,Converting wireframes/ Visual designs into UI",Selected
p218,c522,Pune,Good RDBMS understaning and PL-SQL expertise,Good RDBMS understaning and PL-SQL expertise,Good RDBMS understaning and PL-SQL expertise,Good RDBMS understaning and PL-SQL expertise,Good RDBMS understaning and PL-SQL expertise,Good RDBMS understaning and PL-SQL expertise,Good RDBMS understaning and PL-SQL expertise,Good RDBMS understaning and PL-SQL expertise,Good RDBMS understaning and PL-SQL expertise,Selected
p220,c531,Kolkatta,Understanding of any of the SQL DB like Mongo DB,Understanding of any of the SQL DB like Mongo DB,Understanding of any of the SQL DB like Mongo DB,Understanding of any of the SQL DB like Mongo DB,Understanding of any of the SQL DB like Mongo DB,Understanding of any of the SQL DB like Mongo DB,Understanding of any of the SQL DB like Mongo DB,Understanding of any of the SQL DB like Mongo DB,Understanding of any of the SQL DB like Mongo DB,Selected
p224,c550,Kolkatta,"Python,Java,C++,Machine learning,Deep Learning,Data science,Natural Language Processing,Data Structure",,,,,,,,,Selected
p247,c621,chennai,Python,,,,,,,,,Rejected
p257,c701,Lucknow,"C,Python,Machine learning,Deep Learning,ELK stack",,,,,,,,,Selected
p258,c759,Pune,"C,Python,Machine learning,Deep Learning,ELK stack",,,,,,,,,Selected
p264,c791,noida,"Deep Learning,Machine learning,C++,Python,Algorithms,DATA STRUCTURES",,,,,,,,,Selected
p267,c811,New Delhi,"C++,Java,Artificial Intelligence Deep learning,Python,Front end web development,android application development",,,,,,,,,Selected
p280,C647,chennai,"MS Powerpoint,Ms Word,C,HTML,css",,,,,,,,,Selected
p290,,Hyderabad,,,,,,,,,,
p294,,Trivandrum,,,,,,,,,,
p298,,Trivandrum,,,,,,,,,,
p319,,Kolkata,,,,,,,,,,
p32,,Kolkata,,,,,,,,,,
p320,,Chennai,,,,,,,,,,
p322,,Chennai,,,,,,,,,,
p323,,Bangalore,,,,,,,,,,
p324,,Bangalore,,,,,,,,,,
p328,,Bangalore,,,,,,,,,,
p331,,Chennai,,,,,,,,,,
p333,,Delhi,,,,,,,,,,
p335,,Chennai,,,,,,,,,,
p339,,Pune,,,,,,,,,,
p346,,mumbai,,,,,,,,,,
p356,,Bangalore,,,,,,,,,,
p362,,mumbai,,,,,,,,,,
p364,,mumbai,,,,,,,,,,
p365,,mumbai,,,,,,,,,,
p37,,mumbai,,,,,,,,,,
p375,,mumbai,,,,,,,,,,
p379,,Kolkatta,,,,,,,,,,
p380,,Kochi,,,,,,,,,,
p383,,Kochi,,,,,,,,,,
p39,,Kolkata,,,,,,,,,,
p391,,Chennai,,,,,,,,,,
p395,,Chennai,,,,,,,,,,
p397,,Gandhinagar,,,,,,,,,,
p398,,mumbai,,,,,,,,,,
p410,,Chennai,,,,,,,,,,
p412,,mumbai,,,,,,,,,,
p446,,Pune,,,,,,,,,,
p448,,Chennai,,,,,,,,,,
p450,,Hyderabad,,,,,,,,,,
p462,,Ahmedabad,,,,,,,,,,
p473,,Hyderabad,,,,,,,,,,
p49,,Kolkata,,,,,,,,,,
p520,,Bangalore,,,,,,,,,,
p523,,Bangalore,,,,,,,,,,
p525,,Bangalore,,,,,,,,,,
p529,,Bangalore,,,,,,,,,,
p536,,mumbai,,,,,,,,,,
p539,,Bangalore,,,,,,,,,,
p541,,Bangalore,,,,,,,,,,
p542,,mumbai,,,,,,,,,,
p545,,Kolkata,,,,,,,,,,
p546,,Kolkata,,,,,,,,,,
p569,,Bhubaneshwar,,,,,,,,,,
p596,,Gandhinagar,,,,,,,,,,
p607,,Gandhinagar,,,,,,,,,,
p610,,Gandhinagar,,,,,,,,,,
p617,,Gandhinagar,,,,,,,,,,
p63,,Kolkata,,,,,,,,,,
p630,,Chennai,,,,,,,,,,
p633,,Chennai,,,,,,,,,,
p636,,Kolkata,,,,,,,,,,
p641,,Kolkata,,,,,,,,,,
p645,,mumbai,,,,,,,,,,
p646,,Chennai,,,,,,,,,,
p647,,Chennai,,,,,,,,,,
p65,,delhi,,,,,,,,,,
p650,,Bangalore,,,,,,,,,,
p652,,Bangalore,,,,,,,,,,
p657,,Pune,,,,,,,,,,
p663,,Bangalore,,,,,,,,,,
p667,,Chennai,,,,,,,,,,
p673,,mumbai,,,,,,,,,,
p684,,Kochi,,,,,,,,,,
p686,,Kolkata,,,,,,,,,,
p689,,Pune,,,,,,,,,,
p691,,Pune,,,,,,,,,,
p7,,Chennai,,,,,,,,,,
p70,,delhi,,,,,,,,,,
p712,,Pune,,,,,,,,,,
p714,,Bangalore,,,,,,,,,,
p717,,mumbai,,,,,,,,,,
p719,,mumbai,,,,,,,,,,
p73,,delhi,,,,,,,,,,
p730,,Trivandrum,,,,,,,,,,
p74,,delhi,,,,,,,,,,
p740,,delhi,,,,,,,,,,
p746,,Noida,,,,,,,,,,
p755,,mumbai,,,,,,,,,,
p758,,New Delhi,,,,,,,,,,
p78,,Noida,,,,,,,,,,
p782,,Pune,,,,,,,,,,
p831,,mumbai,,,,,,,,,,
p835,,Bangalore,,,,,,,,,,
p838,,Chennai,,,,,,,,,,
p85,,Hyderabad,,,,,,,,,,
p851,,Bangalore,,,,,,,,,,
p855,,mumbai,,,,,,,,,,
p857,,Nagpur,,,,,,,,,,
p88,,Hyderabad,,,,,,,,,,
p9,,Chennai,,,,,,,,,,
p90,,Hyderabad,,,,,,,,,,
p92,,Hyderabad,,,,,,,,,,
p93,,Hyderabad,,,,,,,,,,
p94,,Hyderabad,,,,,,,,,,
p99,,Hyderabad,,,,,,,,,,
