candidate_id,location,id,location,required_skills,,Candidate skills
c1,Kolkata,p3,Kolkata,"Anroid, iOS Development",,"C,C++,Java,Android Studio,msoffice,Python"
c3,Chennai,p4,Kolkata,"Java,Python,Groovy",,"networking,C programming,Python"
c7,Chennai,p5,Kolkata,"Python,Groovy,Java",,"Unity 3D,AR,C sharp,C,JAVA PROGRAMMING,Servlet and jsps,Arcore"
c15,Mumbai,p6,Kolkata,"Python,Groovy,Java",,"Javascript,C++,Java,Python,css,HTML,mongoDB,ReactJS,Linux,sql,React Native"
c16,Kolkata,p7,Chennai,UI/UX Designing skills,,"C,Core Java,Python,Data Structures   Algorithms,Machine learning,DBMS,sql,Cloud Computing,artificial intelligence,Front end web development"
c17,Kolkata,p9,Chennai,"ReactJS,MongoDB exposure to Machine Learning concepts and algorithms,Java,Python",,"Python,C++,Machine learning"
c21,Chennai,p10,Chennai,"Android,Java,MongoDB exposure to Machine Learning concepts and algorithms",,"C programming,Python,mysql,tableau,Android Studio,Machine learning,DATA STRUCTURES AND ALGORITHM,django,git,Javascript,HTML,css"
c26,Chennai,p11,Chennai,"Java/Python,ReactJS,MongoDB,exposure to Machine Learning concepts and algorithms",,"Python,DATA STRUCTURES,Amazon   AWS,C,sql,Linux,CCNA Level 1"
c27,Chennai,p12,Chennai,"Android/iOS,Java,MongoDB,exposure to Machine Learning concepts and algorithms",,"Machine learning,database management system,C programming,C++,Python,HTML,css,Javascript,mysql,Data science,Cyber security,computer networks"
c32,Chennai,p13,Chennai," Java/Python,ReactJS,MongoDB",,"HTML,css,Javascript,Python,PHP,C,angularjs,sql"
c36,Hyderabad,p15,Bangalore,"Python,Spark,WEKA,R",,"Python,C,Java,r"
c45,Delhi,p20,Bangalore,"Big data tools,Python,IOT technologies,Structured and Unstructured database, Data modelling",,"cpp,Java"
c48,Delhi,p21,Bangalore,Python,,"C,Python,Machine learning,Deep Learning,ELK stack"
c57,Kolkata,p23,Pune,Associate expected to have knowledge of allocation and assignment problem,,"C++,Python,Machine learning,Deep Learning,Natural Language Processing,Android"
c60,Kolkata,p24,Pune,Knowledge of basic optimization problem formulation,,"C,C++,Java,Python,HTML"
c65,Mumbai,p25,Pune,Big data tools,,"HTML,css,Javascript,node js,mongo db,C++,Java,JAVA SE,Linux,sql,hadoop"
c80,Pune,p26,Pune,Python,,"Programming Languages  C  C++  Python,Platforms  Windows   Linu,Framework  Django Flask Node.js Express.js ,Data Analysis and Visualisation  R  Python  Octave,Tools   Libraries  Atom  NumPy  Pandas  OpenCV  CodeBlocks  C   GCC  C++   C++ Standard Library  IPython  Jupyter Notebook  IPython   geopy  Folium  RStudio  Git  Android Studio  Pos"
c84,Pune,p27,Pune,Python,,"C,Java,android application development,Python,C++"
c93,Hyderabad,p28,Bangalore,Basic programming skills,,"Python,C,Java,Android Studio"
c100,Chennai,p29,Bangalore,Basic programming skills,,"JAVA PROGRAMMING,R Programming,C programming"
c101,Hyderabad,p30,Bangalore,Programming skills and Digital skills,,"Java,Javascript,c c++,DBMS SQL,ReactJS"
c102,Mumbai,p32,Bangalore,Python/R programming,,"Python,Machine learning,Android App Development,C++,database"
c105,Chennai,p33,Bangalore,Python/R programming,,"C++,C,Matlab,Java,Python,assembly"
c106,Delhi,p34,Bangalore,Python/R programming,,"Deep Learning,Machine learning,C++,Python,Algorithms,DATA STRUCTURES"
c108,Chennai,p35,Pune,Python,,"golang,Postgres,HTML,Machine learning,css,Javascript,Java,c c++,Python,Linux,App development,blockchain,Google Cloud Platform"
c109,Chennai,p36,Pune,Python,,"Python,sql,PHP,Javascript,Redis,r,mysql,HTML,CSS3,Java"
c110,Hyderabad,p37,Pune,Python,,"Java,sql"
c111,Chennai,p38,Kolkata,"Python,Deep Learning,Tkinter,Tensor Flow,keras,Pi torch",,"C,C++,Java,Python"
c112,Chennai,p39,Kolkata,"Python,Deep Learning,Tensor Flow,Tkinter,keras,Pi torch",,"Python,Machine learning,Data science,Java,C,Deep Learning,node js,Data Analysis,Javascript,HTML  CSS,sql,NoSQL,Apache Kafka"
c120,Delhi,p47,Chennai," Azure Cloud Basics,Java,Python,MangoDB,Terraform,AzureCLI,Bash Scripting",,"C++,Android,Java,C"
c122,Hyderabad,p49,Kolkata,"Concepts on Cloud and knowledge about Azure,Experience in SQL and Python Scripting,Programming skills and Digital skills,Data Warehousing Knowledge,Sound knowledge of DBMS",,"C,C++,Python"
c124,Chennai,p51,Chennai,"Python,Machine Learning,Deep Learning,C ",,"Python,Java,C++,Machine learning,Deep Learning,Data science,HTML,css,JAVA SCRIPT,PHP"
c128,Chennai,p52,Chennai,"Python,Deep Learning,Natural language processing,Linear Algebra",,"Java,C,HTML,DATA STRUCTURES,css,Machine learning,Python,Bootstrap,sql"
c129,Bangalore,p63,Bangalore,"Python,handons experience on OpenCV,ML development knowledge,Spark ML,Database",,"C,Python,Java,DBMS,Android development,Machine learning,node.js"
c132,Kolkata,p64,Bangalore,"Aws,Unix commands",,"Java,python3,HTML5,C,Adobe Photoshop,Adobe Illustrator,sql,Machine learning,Deep Learning"
c145,Mumbai,p65,Mumbai,"NodeJS,HTML5,CSS,NoSQL",,"Python,Machine learning,Java,C,C++,HTML,Javascript,PHP,Data science,hive,hbase,Pyspark,HDFS,Sqoop,Deep Learning,Natural Language Processing,Microsoft Azure"
c148,Chennai,p67,Delhi,"HTML,CSS,Javascript,SQL",,"Verilog,C,C++,Python,networking"
c164,Hyderabad,p70,Chennai," Knowledge on public blockchain networks such as Bitcoin,Ethereum,Java, Spring framework",,"Java,C,HTML,css,Javascript,PHP,mysql,Android App Development,Full stack web development,Angular JS,React Js,Data Analysis,Python,Machine learning,Angular 7,node.js,scss,Java Spring Boot"
c173,Chennai,p73,Mumbai,"Javascript,Tesseract,Abby & Python",,"C++,Java,Matlab,ANSYS ELECTRONICS"
c175,Chennai,p74,Mumbai,"Javascript,Tesseract,Abby & Python,ML techniques",,"Web Design and Development,Laravel  PHP ,Python,Java,API testing  POSTMAN ,Photoshop,Flutter  Mobile App development "
c183,Chennai,p76,Kolkata,"Javascript,Tesseract,Abby & Python,ML techniques",,"C programming,C++,Java,Web and App Development,sql,Python,Machine learning"
c184,Chennai,p77,Mumbai,"Java,Spring,Docker ,devops",,"C++,Python,sql"
c189,Chennai,p78,Mumbai,"Java,Spring, Docker,devops",,"Java,Python,C++,C,sql,Machine learning,Deep Learning"
c193,Pune,p79,Mumbai,"Java,Spring,Docker,devops",,"C++,Algorithms,PHP,mysql,mongoDB,Python"
c208,Chennai,p81,Mumbai,ML & Python,,"r,Java,tableau,mysql,Data Analytics,cpp"
c216,Chennai,p83,Chennai,"Understanding of Angular Framework,Javascript,Java and Object Oriented Programming",,"C,C++,Java,Python,Perl,HTML,Javascript"
c221,Chennai,p85,Chennai,"Understanding of Angular Framework,Java and Object Oriented Programming",,"Java,Python,sql,DATA STRUCTURES,PHP,r,Cloud Computing,Salesforce,C,oops,Android development"
c223,Bangalore,p86,Indore,"Spring Boot,Mongo DB, rest,micro services",,"Java,C++,Machine learning,DBMS,C,Python"
c224,Bangalore,p88,Kolkata,Programming skills and Digital skills,,"C++,C,Java,mysql,HTML5,CSS3,Python,git,Javascript,PHP"
c227,Chennai,p89,Bangalore,Programming skills and Digital skills,,"C CPP Programming,JAVA PROGRAMMING,Python,DBMS USING SQL,internet of things,Data Science and Analytics,Data Science and Analytics using R,HTML CSS JAVASCRIPT"
c243,Chennai,p90,Bangalore,Programming skills and Digital skills,,"Java,HTML,css"
c249,Chennai,p91,Kochi,Programming skills and Digital skills,,"C++,Ansible,Linux,Machine learning,docker,HTML CSS,mysql,Python,hadoop"
c250,Chennai,p92,Bangalore,Programming skills and Digital skills,,"C,C++,Python"
c254,Chennai,p93,Mumbai,Programming skills and Digital skills,,"Java,C++,Natural Language Processing,DATA STRUCTURES"
c257,Bangalore,p94,Bhubaneswar,"Java,Shell Scripting,Understanding of CI/CD",,"Python,C++,PyQt,WebScraping"
c261,Chennai,p95,Mumbai,Java Basic Knowledge,,"Malware Analysis,Java,Penetration testing,human computer interaction,sql,iot,Cloud Computing,Android Security,Artificial Intelligence and Machine Learning,Digital Watermarking and Steganography,Biometrics,marketing,Digital Security "
c264,Chennai,p96,Pune,"C#,ASP.Net,MVC,Cloud Concepts,LOGICAL Aptitude & Positive Attitude",,"Python,r,C++,Javascript,HTML,css,Tensor Flow,spark,hadoop,data mining,artificial intelligence,RDBMS,mongoDB"
c265,Chennai,p97,Hyderabad,"Java,C & SQL",,"Java,Angular7,typescript,ASP.NET,PHP,HTML,css,sql,c c++,NodeJS,Python"
c277,Chennai,p98,Bangalore,"RDBMS,Java, Angular,Hiberante,Spring Framework,ADF",,"switching and routing ,Redhat Server management,shell scripting,Python"
c280,Chennai,p99,Chennai,"Java/J2EE, Spring boot, SQL,Angular  based Hybrid Mobile App",,"Java,C,HTML CSS JAVASCRIPT,sql"
c291,Chennai,p100,Chennai,"Spring Boot,MS SQL,Java/J2EE",,"Java,Spring,sql,Data Structures and Algorithms,MVP Framework"
c299,Chennai,p103,Kolkata,Cloud configuration & Management,,"Java,HTML,css,Matlab,Object Oriented Programming"
c310,Delhi,p106,Kolkata,"Java/Scala,Python, Data Modeling,CSS,Javascript",,
c314,Ahmedabad,p107,Delhi,"Java,Python,Xamarin,Vuforia,ARCore, IOS and Android development",,"Java,Flutter,node.js,HTML,Python,react,Android Native,golang"
c321,Chennai,p109,Delhi,"Big Data,Spark,Scala",,Python
c323,Chennai,p110,Bangalore,"Basic knowledge of PHP,Drupal and in dept knowledge of JS,CSS & HTML",,"autocad,solid works,FUSION 360,inventor,ANSYS,iot,lab view,Flimora,Design and Product Development   Innovation ,Social Awareness Projects,Reverse Engineering,automation,  C,Python,Deep Learning"
c337,Hyderabad,p114,Ahmedabad,"HTML,Javascript,ZK,Java,Rule Engine ",,"C,Python,Java,DBMS"
c345,Kolkata,p115,Mumbai,Python,,"Python,Java,c   c++,HTML5,CSS3,Javascript,Bootstrap,Materialize CSS,flask,django,mysql,Sqlite,Postgres,Android,wireshark,Nmap,Alibaba Cloud,Alibaba Cloud Clouder Professional"
c348,Delhi,p118,Delhi,"SQL,Python",,"C,Java,Servlet,jsp,mysql,sql,Data Structure   Algorithms"
c375,Bangalore,p120,Delhi,"SQL ,Python,Data Modeling",,"Knime,Python,C,mongo db,mysql,C++,Java,wordpress,Matlab,Sqlite,Android Studio"
c393,Chennai,p121,Delhi,Good Programming Skills,,"Python,Java,C,C++,sql,HTML,PHP,Javascript,Machine Learning with Python,big data"
c397,Hyderabad,p124,Delhi,Good Programming Skills,,"Machine learning,Deep Learning,Python,Java,C,Algorithms,DATA STRUCTURES"
c420,Hyderabad,p125,Delhi,Good Programming Skills,,"C,Python,Java,C++"
c429,Hyderabad,p126,Mumbai,"Machine Learning & Artificial Intelligence ,Machine Learning Tools & Framework",,"C,C++,Python,Java,HTML,Javascript,css,Machine learning,react,NodeJS"
c432,Hyderabad,p127,Noida,Good Programming Skills,,"Data Analytics using Python,C programming,Web Development"
c440,Kolkata,p128,Noida,Good Programming Skills,,"C,C++,Python,mysql,RPA,Core Java,MS Excel,Ms Word,Unix"
c441,Delhi,p129,Noida,Exposure to tableau or any other visualization tool can be an added advantage.,,"C,C++,Java,Python,r,HTML5,sass,css,PHP,mysql,ORACLE 10G DBMS,Matlab,ethical hacking,ethical hacking BASIC,Javascript   JQuery,Machine learning"
c446,Bangalore,p130,Pune,"Azure,DotNet,Data Modeling",,"Machine learning,Database Management,C++,C programming,DATA STRUCTURES,Cyber security,Python programming,internet of things"
c448,Delhi,p133,Hyderabad,Any Programming SkillS,,"Programming in JAVA,database management system,Data Structures and Algorithms,node js"
c462,Delhi,p134,Hyderabad,Any Programming SkillS,,"Programming in JAVA,node.js,Programming in Solidity,Web Development,Programming in c,Ethereum,DBMS"
c463,Hyderabad,p135,Hyderabad,"C#,Asp.Net ",,"Python,C,DS,Deep Learning,Tensorflow,Keras,computer vision,mysql,Matlab"
c469,Kolkata,p137,Chennai,"Java,Angular JS",,"Machine learning,Java,Python,Data science"
c472,Hyderabad,p138,Hyderabad,"Java,Database Exposure",,"Python,C,cpp,Java,sql,HTML,css,Android Studio,blockchain,Tomcat"
c477,Bangalore,p139,Hyderabad,"Basic idea of Image and Video Analytic,Basic Programming knowledge",,"Java,Python,PHP,C,C++,Dot NET"
c479,Hyderabad,p140,Hyderabad,"Basic edge board programming skills,Node js/python,ports configuration and data reading",,"C,Java,Python,Machine learning"
c488,Trivandrum,p141,Hyderabad,"react.js,Javascript,HTML 5 and CSS3",,"Android development,Web Development,Java,Python,NodeJS,mongoDB,Unity game development ,Firebase,TomCat Servlets ,blender,sql,Javascript,C,PHP,Tensorflow Keras,angular,ionic,socketio,react"
c494,Kolkata,p149,Hyderabad,"Image Processing,Deep Learning Python, Tensorflow/pytorch",,"javase,Java EE,Spring Boot,Android,Javascript,NodeJS,PHP,jQuery,JAVA SE"
c495,Delhi,p151,Hyderabad,ML/DL,,"Python,Java,C++,Machine learning,Deep Learning,Data science,Natural Language Processing,Data Structure"
c498,Lucknow,p153,Hyderabad,Good Programming Skills,,"Java,Python"
c500,Kolkata,p154,Hyderabad,Good Programming Skills,,"Python,Javascript,HTML CSS,Android,Machine learning,Deep Learning,Web developement,mysql,NodeJS,typescript,ionic,C,kotlin,Java,C++"
c502,Chennai,p155,Hyderabad,Good Programming Skills ,,"Android,Web Development,Java,HTML5,mysql,Programming,API,Flutter"
c507,Kolkata,p156,Hyderabad,Good Programming Skills,,"Python,C++,tableau"
c509,Bangalore,p157,Hyderabad,AI/ML Basics,,"C,C++,Java,Python,PHP"
c513,Chennai,p158,Hyderabad,Good Programming Skills,,"Flutter Framework,unity,Smart Contracts,Augmented Reality,virtual reality,blockchain,C,Java,Python,SOLIDITY,node js,Corda,angular"
c522,Trivandrum,p159,Hyderabad,"Cloud knowledge,Analytical skills",,"Android development,Competitive Programming,Java,C++,mysql,Python,Javascript,NodeJS"
c525,Delhi,p160,Hyderabad,Analytical skills,,"Python,Machine learning"
c527,Delhi,p161,Hyderabad,Good Programming Skills,,"Java,C,Python,sql,HTML"
c530,Hyderabad,p162,Hyderabad,any open source BI tool.,,"Java,Python,C,C++,Machine learning"
c531,Kolkata,p163,Hyderabad,Cloud Concepts,,"Python 3.X,Java,C"
c535,Hyderabad,p164,Hyderabad,"Machine Learning & Artificial Intelligence ,Analytical skills",,"C++,Java,Artificial Intelligence Deep learning,Python,Front end web development,android application development"
c539,Bangalore,p165,Hyderabad,Machine learning basics,,"Python,Machine learning"
c545,Chennai,p166,Bangalore,automobile basics,,"Python,C++,C,Algorithms,Web Development,problem solving,git,Linux"
c546,Pune,p167,Mumbai,"Machine Learning,Artificial Intelligence techniques",,"PHP,HTML,css,django,docker,big data,spark,mysql,mongoDB,Photoshop,Illustartor,Javascript,C,cpp,Java,Python,Bootstrap"
c547,Chennai,p169,Mumbai,"NodeJS,Python",," Programming,Full Stack Developer"
c549,Delhi,p170,Pune,Good Programming Skills,,"C,C++,DATA STRUCTURES,Linux,shell scripting,HTML,css,Javascript,sql,mysql,GITHUB,Algorithms,oops,Bootstrap,hadoop,Java,hbase,hive,Apache Spark,DBMS,Spring Boot,React.js"
c550,Kolkata,p171,Pune,Good Programming Skills,,"Cloud Computing,DATA STRUCTURES,DBMS,Java,C++,C,sql, Adobe AfterEffects , Adobe Premier pro ,AutoDesk Maya,Adobe Illustrator,Adobe Photoshop,Autodesk 3ds Max"
c554,Chennai,p172,Chennai,intend classification and image processing,,"C++,C,Python,sql,HTML,Java"
c558,Chennai,p173,Chennai,Good Programming Skills,,"Python,Java,C++,r"
c567,Chennai,p174,Chennai,Good Programming Skills,,"django,C++,Java,Python,Android Studio,J2EE,PHP,js,REST API,No SQL,Linux,mysql"
c588,Chennai,p175,Chennai, Knowledge Graph ,,"C++,Database Management systems,Web Programming,Cloud Computing"
c592,Bangalore,p176,Chennai,Good Programming Skills,,"Python,Java,C,Machine learning,Web Development"
c598,Chennai,p179,Pune,Good Programming Skills,,"c c++,Embedded C,networking  CCNA ,sql,Matlab,Unity 3D,after effects"
c605,Chennai,p180,Hyderabad,"Java,SQL",,"angular,node,express api,mongoDB,Python,cpp,C,Java,HTML CSS JS PHP,Servlet,jsp,PHP"
c612,Mumbai,p181,Chennai,"Angular JS,Spring Boot",,Python
c621,Kolkata,p182,Chennai,"Struts,Spring,Hibernate",,"Data science,React Js,JAVA SCRIPT,Python,sqllite,django,rest api development,node js"
c633,Delhi,p183,Hyderabad,"Deep programming skills ,product configuration expereicne / exposure",,"Python,C++,problem solving,Data Structures and Algorithms,Power BI"
c640,Hyderabad,p184,Hyderabad,"Deep programming skills ,product configuration expereicne / exposure. ",,"Python,C,C++,Java,sql,HTML,css"
c646,Hyderabad,p186,Chennai,Good Programming Skills,,"C,Python,C++,Java,HTML and CSS,NodeJS,PHP"
c648,Hyderabad,p189,Gandhinagar,"IoT,ML",,"Python,C,Java,sql,HTML,Machine learning,jsp,css,Android Studio"
c650,Chennai,p190,Gandhinagar,"Cognitive Services,IoT",,"Python,DATA STRUCTURES,C,angular,SpringBoot,Java"
c655,Hyderabad,p191,Gandhinagar,"Charts,Power BI",,"Java,Python,C++,Machine learning,Spring Boot"
c669,Hyderabad,p192,Chennai,Spark and Flink ,,
c678,Ahmedabad,p193,Chennai,"Python,Java,Terraform,AzureCLI and bash scripting",,"Python,C++,Microsoft  Excel,Competitive Programming,Data Analysis,Matlab"
c679,Mumbai,p197,Bangalore,"Angular 6+,Java,Spring Boot",,"C++,Python 3,Javascript,node.js,mongoDB,HTML5,CSS3,sql"
c682,Hyderabad,p198,Kolkata,"Powershell,API",,"C,Python,Unity 3D,Android Studio"
c685,Pune,p199,Kolkata,"Minimal Knowledge on Cloud Computing -Minimal Knowledge on Backup,restore and Storage -Minimal Knowledge on IT infrasrtucture/WAN/LAN/Storage/Servers",,"C,C++,Java,Python,sql,mongoDB,HTML,css,js"
c701,Kolkata,p200,Kolkata,"Java,Machine Learning,Python",,"C,Python,DATA STRUCTURES,Java,HTML,css,Javascript"
c708,Ahmedabad,p201,Delhi,"Unity Pro,Autodesk Maya/Blender ,C#",,"Java,Competitive Programming,Other development,HTML   css,django,C AND C++,React Js,node js"
c713,Delhi,p203,Mumbai,Good Programming Skills,,"Python,C++ Programming,Deep Learning,mysql,Data Analytics,HTML5,css,Javascript,flask"
c717,Delhi,p204,Pune,Good Programming Skills,,"C,Python,Java,sql"
c735,Chennai,p205,Pune,ML/DL,,"MS Powerpoint,Ms Word,C,HTML,css"
c742,Hyderabad,p208,Chennai,Good coding skills,,"C,C++,DATA STRUCTURES,HTML,css,JAVA SCRIPT,jQuery,NodeJS,Competitive coding"
c759,Trivandrum,p211,Chennai,Good Programming Skills,,"C,Python,C++,GITHUB,Android App Development,Java,docker,Go Lang"
c763,Ahmedabad,p212,Chennai,"spacy,sklearn,Other libraries",,"Java,aws,Python,HTML,problem solving,git"
c768,Lucknow,p217,Pune,Knowledge of New age digital solutions & Manufacturing domain,,"C++,Java,C,Python"
c769,Mumbai,p218,Pune,Javascript,,"golang,C++,Java,Machine learning,Core Blockchain,artificial intelligence,NLP,React Js,Full Stack Web Developement,Angular JS,Python"
c780,Chennai,p220,Kolkata,Good Programming Skills,,"C,Python"
c784,Mumbai,p224,Kolkata,Good Programming Skills,,"ReactJS,NodeJS,HTML,css,Javascript,ExpressJS,docker,Python,Java,DATA STRUCTURES,DBMS,Object Oriented Programming"
c786,Pune,p227,Chennai,Good Programming Skills,,"C programming,Algorithms,DATA STRUCTURES,JAVA PROGRAMMING,database system,Competitive Programming,Python"
c787,Pune,p240,Delhi,Good Programming Skills,,"C++,Python,Javascript,Git Github,HTML,css,sql,Android development"
c788,Mumbai,p242,Noida,"Python,Data Science,NLP ,Deep Learning,SQL,Angular6,Node JS",,"Python,Java,Data Analysis,Machine learning,Deep Learning,Data Exploration and Visualization"
c791,Trivandrum,p243,Kochi,"SQL & Data Modeling,HTML and CSS,Javascript,Nodejs or Python",,"Alogorithms,DATA STRUCTURES,C++,Python,Java,C"
c795,Hyderabad,p246,Chennai,"SQL,Python,HTML and CSS,Javascript,ELK",,"Java,python3,HTML5,CSS3,Data Structures and Algorithms,sql,Firebase,C,Javascript,Bootstrap"
c799,Pune,p247,Chennai,"Python,ML,Data Modeling,HTML and CSS,Javascript",,"Machine learning,Data science,computer vision,Python"
c801,Hyderabad,p248,Kolkata,"Python,Machine Learning",,"C,C++,Java,kotlin,node js,mongo db,angular,HTML,css,Bootstrap,Machine learning,Deep Learning,FireBase Database,Android Native,Flutter"
c803,Lucknow,p249,Bangalore,"Javascript,HTML and CSS,Data Modeling,Python,SQL,CPP,C#",,"C++,Data Analytics using Python,HTML,css"
c808,Ahmedabad,p250,Bangalore,"RPA  ,Python,R",,"algorithm,Data Structure,backend development,Web Development,Programming,Machine learning,Data science"
c811,Trivandrum,p252,Bangalore,Spring & hibernate,,"Python,Java,C,C++"
c813,Mumbai,p253,Bangalore,Good Programming Skills,,"Python,Java,Deep Learning,C"
c816,Hyderabad,p254,Bangalore,Good Programming Skills,,"c language,Java,Python,sql,Machine learning"
,,p255,Bhubaneswar,Good Programming Skills,,
,,p256,Lucknow,Python,,
,,p257,Lucknow,Python,,
,,p258,Pune,Good Programming Skills,,
,,p259,Bangalore,Good Programming Skills,,
,,p264,Noida,Good Programming Skills,,
,,p265,Kolkata,Good Programming Skills,,
,,p267,New Delhi,"Good Programming Skills,Machine Learning for text summarization,Content extraction using Tika,Hadoop,REST Services,SpringBoot,Angular JS,HTML5,Spark,Elastic/Solar for search index,implementation of data pipe line and search indexes",,
,,p268,Mumbai,"Python,Perl& Shell",,
,,p272,Chennai,Good Programming Skills,,
,,p273,Chennai,Good Programming Skills,,
,,p280,Chennai,Good Programming Skills,,
,,p284,Chennai,DB concepts,,
,,p286,Gandhinagar,Good Programming Skills,,
,,p287,Gandhinagar,Good Programming Skills,,
,,p290,Hyderabad,"PostGres Database,Angular6,PostGIS,Spring,Hibernate,J2EE, ReactNet,Google Maps,UI/UX",,
,,p291,Hyderabad,"Java, .net, HTML, CSS, Angural JS, Python, Any CMS",,
,,p292,Chennai,"Java, Python, Ruby, iOS, Android, Angular, Node,ReactJS, excel",,
,,p294,Trivandrum,"Blockchain, MS Azure Cloud, Micro service architecture,  Angular , Java Sprint Boot",,
,,p295,Trivandrum,"Blockchain, MS Azure Cloud, Micro service architecture,  Angular , Java Sprint Boot",,
,,p298,Trivandrum,"Blockchain, MS Azure Cloud, Micro service architecture,  Angular , Java Sprint Boot",,
,,p299,Chennai,"Java , J2EE Visualization tools knowledge  like Tableau/Power BI/ Converting wireframes/ Visual designs into UIAdvance Analytics Machine Learining Python /R  , Azur",,
,,p300,Delhi,J2EE,,
,,p302,Delhi,"Angular JS/ Node JS,CSS3,Converting wireframes/ Visual designs into UI",,
,,p303,Kolkata,Good RDBMS understaning and PL-SQL expertise,,
,,p304,Kolkata,Understanding of any of the SQL DB like Mongo DB,,
,,p307,Chennai,AI,,
,,p309,Chennai,Machine Learning,,
,,p313,Indore,Mongo DB,,
,,p314,Indore,"Python,dockers",,
,,p315,Indore,"soap,micro services",,
,,p316,Lucknow,SpringBoot,,
,,p317,Lucknow,SpringBoot,,
,,p318,Kolkata,J2EE,,
,,p319,Kolkata,SpringBoot,,
,,p320,Chennai,Python,,
,,p322,Chennai,Rest webservices ,,
,,p323,Bangalore,Spring Boot,,
,,p324,Bangalore,Spring Boot,,
,,p325,Mumbai,Java,,
,,p327,Hyderabad, SQL,,
,,p328,Bangalore,"Angular JS,Hiberante",,
,,p330,Chennai,Python,,
,,p331,Chennai,Pyhon,,
,,p332,Chennai,Pyhon,,
,,p333,Delhi,"Java,WhatsApp coding,Twillio scipting, Analytics",,
,,p334,Delhi,"Java,Javascript, ServiceNow scripting",,
,,p335,Chennai,"Machine Learning,Data scientist",,
,,p338,Pune,"Good Aptitude,Programming skills and Digital skills,Advanced Java",,
,,p339,Pune,"Good Aptitude,Programming skills and Digital skills,Machine Learning",,
,,p343,Kolkata,Python,,
,,p344,Chennai,"Self-motivated,problem-crushing attitude-Ability and willingness t",,
,,p345,Hyderabad,"Raspberry Pi,Knowledge on libraries such as OpenCV",,
,,p346,Mumbai,Database,,
,,p347,Mumbai,Machine Learning,,
,,p348,Mumbai,Machine Learning,,
,,p350,Pune,Java,,
,,p351,Pune,Python,,
,,p353,Mumbai,Perl& ShellAPI integration,,
,,p355,Mumbai,Network SecurityAPI integration,,
,,p356,Bangalore,Good Programming Skills,,
,,p360,Bangalore,"ML,TensorFlow",,
,,p361,Mumbai,"Cloud,Devops tools",,
,,p362,Mumbai,"OOP Concepts,Ionic Framework",,
,,p363,Mumbai,"Typescript,MySQL - Good Database Concepts",,
,,p364,Mumbai,"MySQL     ,Angular 7  Framework",,
,,p365,Mumbai,"Typescript,MySQL - Good Database Concepts",,
,,p366,Mumbai,Good Programming Skills,,
,,p367,Mumbai,Good Programming Skills,,
,,p368,Mumbai,Good Programming Skills,,
,,p373,Ahmedabad,Good Programming Skills,,
,,p374,Ahmedabad,Good Programming Skills,,
,,p375,Trivandrum,Good Programming Skills,,
,,p379,Trivandrum,Good Programming Skills,,
,,p380,Kochi,Good Programming Skills,,
,,p382,Kochi,Good Programming Skills,,
,,p383,Kochi,Good Programming Skills,,
,,p385,Mumbai,Good Programming Skills,,
,,p386,Chennai,"SQL Server,Spark,Good Programming Skills",,
,,p387,Hyderabad,Good Programming Skills,,
,,p390,Mumbai,"Javascript,Good Programming Skills,Google DialogFLow (Small Talk),Abby & Python,ML techniques,Tesseract",,
,,p391,Chennai,Good Analytical Skills,,
,,p392,Chennai,Good Programming Skills,,
,,p393,Kolkata,Good Programming Skills,,
,,p395,Chennai,Good Programming Skills,,
,,p397,Gandhinagar, Good Programming Skills ,,
,,p398,Mumbai,Good Programming Skills,,
,,p402,Lucknow,Good Programming Skills,,
,,p405,Mumbai,Good Programming Skills,,
,,p410,Chennai,AI/ML Basics,,
,,p412,Mumbai,"Cloud,Database",,
,,p419,Chennai," Knowledge of Graph database like Neo4j,basics of clustering and other algorithm,Understanding of Supply Chain and Logistics ",,
,,p420,Chennai,"Understanding of Supply Chain and Logistics ,Algorithms and heuristics ,Mathematical Modeling",,
,,p421,Chennai,"    Understanding of Supply Chain and Logistics,Algorithms and heuristics New,Mathematical Modeling, New",,
,,p422,Chennai,Data Structures and Object Oriented Concepts,,
,,p424,Mumbai,"Postgresql,Oracle",,
,,p446,Pune,"Adobe AfterEffects, illustrator, Adobe Premier pro, Adobe Familiarity with Photoshop, Maya",,
,,p447,Pune,Java programming,,
,,p448,Chennai,"Modern Web Development Full Stack, RPA, Python",,
,,p449,Kochi,"C#, Java, Python",,
,,p450,Hyderabad,"html 5, CSS 3( Bootstrap), any js framework (knockout js/angular js)",,
,,p454,Bangalore,Python,,
,,p455,Bangalore," Javascript, TypeScript, NativeScript, Angular , MongoDB , Knowledge of mobile app development, Desirable - Knowledge of cloud infrastructure such as AWS, Azure""",,
,,p459,Kolkata,"SQL, Sql server, Power BI",,
,,p462,Ahmedabad,"Java, Analytics, AI/ ML",,
,,p464,Hyderabad,AI,,
,,p465,Hyderabad,Good understanding of  android platform(Raspberry Pi 3),,
,,p466,Hyderabad,Good Programming Skills,,
,,p470,Hyderabad,"Python,ML /AI",,
,,p473,Hyderabad, Good understanding of AR/VR concepts,,
,,p474,Hyderabad,Good Programming Skills,,
,,p475,Hyderabad,Good Programming Skills,,
,,p476,Hyderabad,GPU programming,,
,,p477,Chennai,"Java,Python,Powershell,JSON",,
,,p482,Bangalore,"Basic Cloud Skills, Scripting, Coding",,
,,p494,Bangalore, full-Stack programing skills,,
,,p497,Kochi,Python Programming,,
,,p508,Bangalore,HTML and CSS,,
,,p516,Gurgaon,"Redux,ReactJS",,
,,p518,Bangalore,"C#,Angular JS",,
,,p519,Bangalore,"C#,Web API Development",,
,,p520,Bangalore,"Kubernetes,Aws",,
,,p521,Bangalore, Advanced Java,,
,,p522,Bangalore,"Python,Aws",,
,,p523,Bangalore,"SQL,teradata",,
,,p524,Bangalore,"Hadoop,Teradata.",,
,,p525,Bangalore,RPA with AI & ML,,
,,p527,Bangalore,"Linux,Junit,.CI/CD",,
,,p528,Bangalore,"MVC,Web API Development",,
,,p529,Bangalore,"MVC, Web api",,
,,p530,Bangalore,"Hiberante, Spring framework",,
,,p531,Bangalore,"Hiberante,Spring Framework",,
,,p532,Mumbai,"IoT,AR/VR programming,Apps,Augmented Reality,Databases",,
,,p533,Mumbai,"creating Apps,Exposure to AI/NLP in coursework",,
,,p534,Ahmedabad,"Data capture from images,,AI/ML,AR/VR programming",,
,,p535,Mumbai,exposure to coding,,
,,p536,Mumbai,Knowledge of CRM system,,
,,p539,Bangalore,Development Skills,,
,,p541,Bangalore,Development Skills,,
,,p542,Mumbai,Development Skills,,
,,p544,Kolkata,Development Skills,,
,,p545,Kolkata,Development Skills,,
,,p546,Kolkata,Development Skills,,
,,p547,Chennai,Communication - verbal & written,,
,,p549,Delhi,Python,,
,,p550,Delhi,"Data Analytics,Python",,
,,p551,Chennai,"Angular/Js,Angular 7+,Javascript,Typescript,Node JS",,
,,p554,Chennai, Handson in Angular/Js,,
,,p556,Kolkata,Microservices,,
,,p561,Chennai,"Liquibase,Swagger",,
,,p562,Chennai,Basics of DB,,
,,p567,Bhubaneswar,Programming skills and Digital skills,,
,,p568,Hyderabad,Programming skills and Digital skills,,
,,p569,Bhubaneswar,Programming skills and Digital skills,,
,,p572,Kolkata,Should have intererst towards Mobility & App Building,,
,,p573,Kolkata,"Programming Skills, Should have intererst towards Mobility & App Building",,
,,p574,Chennai,Programming Skills and should have interest towards digital marketing,,
,,p576,Chennai,Should have intererst towards Mobility & App Building,,
,,p578,Delhi,JSON and SQLite,,
,,p580,Varanasi,Basics understanding of HTML & CSS,,
,,p581,Varanasi,Maven as a build tool for Microservice,,
,,p582,Varanasi,API development,,
,,p583,Kolkata,API development,,
,,p586,Kolkata,Java,,
,,p592,Gandhinagar,Programming skills and Digital skills,,
,,p593,Gandhinagar,Programming skills and Digital skills,,
,,p596,Gandhinagar,Programming skills and Digital skills,,
,,p599,Gandhinagar,Programming skills and Digital skills,,
,,p600,Gandhinagar,Programming skills and Digital skills,,
,,p607,Gandhinagar,Programming skills and Digital skills,,
,,p608,Gandhinagar,Programming skills and Digital skills,,
,,p610,Gandhinagar,Programming skills and Digital skills,,
,,p613,Hyderabad,Deep Learning,,
,,p614,Hyderabad,Deep Learning,,
,,p615,Hyderabad,Deep Learning,,
,,p616,Gandhinagar,Programming skills and Digital skills,,
,,p617,Gandhinagar,Programming skills and Digital skills,,
,,p618,Gandhinagar,Programming skills and Digital skills,,
,,p623,Chennai,"Python,ReactJS",,
,,p624,Hyderabad,Programming and Digital Skills,,
,,p628,Hyderabad,Core Java,,
,,p629,Hyderabad,Dot Net,,
,,p630,Chennai,Cloud knowledge,,
,,p633,Chennai,Programming skills and Digital skills,,
,,p634,Chennai,Python,,
,,p636,Kolkata,Python,,
,,p637,Chennai,Programming skills ,,
,,p638,Chennai,Programming skills and Digital skills,,
,,p639,Chennai,Java,,
,,p640,Kolkata,Programming skills and Digital skills,,
,,p641,Kolkata,Programming skills and Digital skills,,
,,p643,Chennai,Development and Devops,,
,,p644,Mumbai,Programming skills and Digital skills,,
,,p645,Mumbai,Programming skills and Digital skills,,
,,p646,Chennai,Programming skills and Digital skills,,
,,p647,Chennai,Programming skills and Digital skills,,
,,p648,Bangalore,Analytical skills,,
,,p650,Bangalore,"designer,Programming skills ",,
,,p652,Bangalore,Programming skills ,,
,,p653,Bangalore,Programming skills ,,
,,p655,Bangalore,CS/IT,,
,,p657,Pune,GRAPH THEORY,,
,,p661,Pune,"Neural Network,MySQL     ,Statistics",,
,,p663,Bangalore,Python/R programming,,
,,p665,Chennai,"Tensor Flow,Open CV,keras",,
,,p666,Chennai,"Python,Machine Learning,NLP ",,
,,p667,Chennai,RPA,,
,,p672,Pune,Java Springboot,,
,,p673,Mumbai,"REST API,GRAPHQL,Angular JS",,
,,p674,Mumbai,"Angular JS,REST API,HL INDY,CORDA,GRAPHQL",,
,,p678,Hyderabad,Java/J2EE,,
,,p682,Kochi,Programming skills ,,
,,p683,Kochi,Programming skills ,,
,,p684,Kochi,Programming skills ,,
,,p686,Kolkata,Machine Learning,,
,,p688,Mumbai,Programming skills and Digital skills,,
,,p689,Pune,sound knowledge of management fundamentals as per current syllabus,,
,,p691,Pune, sound knowledge of management fundamentals as per current syllabus,,
,,p693,Hyderabad,"Web Application development,Python",,
,,p695,Hyderabad,Python,,
,,p697,Hyderabad,Python,,
,,p698,Chennai,"SpringBoot,Postgresql",,
,,p699,Nagpur,Java,,
,,p700,Bangalore,Basic coding knowledge on Java,,
,,p701,Bangalore,UI Technologies (Angular),,
,,p705,Pune,Programming skills and Digital skills,,
,,p707,Chennai,"Mobile Development Skills,Creative problem solving",,
,,p708,Bangalore,"SQL,Python",,
,,p709,Kolkata,Development and Devops,,
,,p710,Kolkata,Digital skills having programming language,,
,,p712,Pune,Programming skills and Digital skills,,
,,p713,Kochi,Programming skills and Digital skills,,
,,p714,Bangalore,Programming skills and Digital skills,,
,,p716,Pune,CSS,,
,,p717,Mumbai,Programming skills and Digital skills,,
,,p718,Mumbai,Programming skills and Digital skills,,
,,p719,Mumbai,Programming skills and Digital skills,,
,,p720,Mumbai,Programming skills and Digital skills,,
,,p723,Chennai,should have interest towards digital marketing,,
,,p724,Bangalore,SQL,,
,,p727,Bangalore,Javascript,,
,,p728,Trivandrum,Unity  ,,
,,p729,Trivandrum,Web skills (MEAN/MERN),,
,,p730,Trivandrum,Web skills (MEAN/MERN),,
,,p734,Hyderabad, Programming skills and Digital skills,,
,,p735,Kolkata,"HTML and CSS,JAVA   ",,
,,p736,Kolkata,Basic Knowledge of Server client architecture,,
,,p737,Kolkata,Python,,
,,p738,Kolkata,Basic concept of Blockchain,,
,,p739,Delhi,Programming skills and Digital skills,,
,,p740,Delhi,Programming skills and Digital skills,,
,,p742,Noida,Python,,
,,p743,Noida,"CSS & HTML,VueJS",,
,,p744,Noida,"Postgresql,HTML and CSS",,
,,p746,Noida,Programming skills and Digital skills,,
,,p749,Noida,Python,,
,,p750,Noida,devops,,
,,p751,Noida,devops,,
,,p752,Noida,"Node JS,Aws",,
,,p755,Mumbai," Java scripting knowledge, Java scripting knowledge",,
,,p756,New Delhi,Programming skills and Digital skills,,
,,p758,New Delhi,Programming skills and Digital skills,,
,,p760,Mumbai,Basic Java understanding,,
,,p761,Mumbai,"Programming Skills, Digital Skills",,
,,p764,Thiruvananthapuram,AI / ML,,
,,p765,Pune,Programming skills and Digital skills,,
,,p766,Mumbai,"Deep Learning,Python",,
,,p767,Hyderabad,".net concepts,Java",,
,,p780,Bangalore,"DotNet,RPA  ",,
,,p782,Pune,Java Springboot,,
,,p821,Gandhinagar,Programming skills and Digital skills,,
,,p828,Noida,Aws,,
,,p829,Noida,HTML and CSS,,
,,p830,Noida,"Google Analytics,Aws",,
,,p831,Mumbai,Programming skills and Digital skills,,
,,p833,New Delhi,Programming skills and Digital skills,,
,,p835,Bangalore,Programming skills and Digital skills,,
,,p838,Chennai,Programming skills and Digital skills,,
,,p839,Mumbai,Programming skills and Digital skills,,
,,p840,Mumbai,Programming skills and Digital skills,,
,,p841,Kolkata,Programming skills and Digital skills,,
,,p845,Delhi,.net,,
,,p847,Noida,"HTML and CSS,NodeJS",,
,,p849,New Delhi,Programming skills and Digital skills,,
,,p850,Mumbai,Programming skills and Digital skills,,
,,p851,Bangalore,R Programming,,
,,p852,Hyderabad,"Java,Python",,
,,p853,Bhubaneswar,Programming skills and Digital skills,,
,,p854,New Delhi,Programming skills and Digital skills,,
,,p855,Mumbai,AML analytics,,
,,p856,Delhi,Programming skills and Digital skills,,
,,p857,Nagpur,Java,,
